SYMBOL,CANDLE_TIME,CANDLE_LOW,CANDLE_HIGH,CANDLE_OPEN,CANDLE_CLOSE,TREND_LINE
AAPL,2025-09-01,248.7,258.17,250.53,254.22,254.22
AAPL,2025-09-02,249.35,254.44,251.07,252.73,252.73
AAPL,2025-09-03,242.76,252.35,250.31,246.14,251.03
AAPL,2025-09-04,239.46,251.55,247.94,242.56,247.143333333
AAPL,2025-09-05,241.88,244.89,243.92,242.53,243.743333333
AAPL,2025-09-08,241.49,246.86,244.56,242.64,242.576666667
AAPL,2025-09-09,240.59,246.03,243.76,241.94,242.37
AAPL,2025-09-10,231.29,247.46,242.13,236.28,240.286666667
AAPL,2025-09-11,228.3,240.8,238.06,232.44,236.886666667
AAPL,2025-09-12,226.29,237.37,229.97,233.7,234.14
AAPL,2025-09-15,230.51,242.39,233.54,238.95,235.03
AAPL,2025-09-16,239.84,243.93,241.05,242.46,238.37
AAPL,2025-09-17,234.54,246.92,243.04,238.36,239.923333333
AAPL,2025-09-18,238.85,241.79,239.51,241.11,240.643333333
AAPL,2025-09-19,232.15,247.9,242.7,237.04,238.836666667
AAPL,2025-09-22,239.36,239.61,239.53,239.44,239.196666667
AAPL,2025-09-23,239.16,241.86,240.94,239.75,238.743333333
AAPL,2025-09-24,238.76,243.94,241.97,240.21,239.8
AAPL,2025-09-25,236.51,243.45,240.96,238.37,239.443333333
AAPL,2025-09-26,235.91,236.16,236.1,235.99,238.19
AAPL,2025-09-29,229.66,238.0,236.02,232.12,235.493333333
AAPL,2025-09-30,228.89,230.2,229.71,229.22,232.443333333
AAPL,2025-10-01,220.5,230.7,228.05,224.33,228.556666667
AAPL,2025-10-02,223.27,224.33,223.9,223.57,225.706666667
AAPL,2025-10-03,213.56,230.18,225.83,220.55,222.816666667
AAPL,2025-10-06,219.08,220.67,220.08,219.43,221.183333333
AAPL,2025-10-07,216.28,223.82,221.39,218.59,219.523333333
AAPL,2025-10-08,214.74,224.57,218.91,222.19,220.07
AAPL,2025-10-09,218.94,229.37,220.94,225.62,222.133333333
AAPL,2025-10-10,223.57,228.61,224.65,226.79,224.866666667
AAPL,2025-10-13,224.47,232.64,226.42,229.75,227.386666667
AAPL,2025-10-14,221.87,233.95,228.99,224.29,226.943333333
AAPL,2025-10-15,221.41,225.21,222.26,223.8,225.946666667
AAPL,2025-10-16,219.01,233.1,222.35,227.84,225.31
AAPL,2025-10-17,222.59,237.86,228.76,233.51,228.383333333
AAPL,2025-10-20,232.59,240.88,234.31,237.2,232.85
AAPL,2025-10-21,231.12,244.95,239.53,233.88,234.863333333
AAPL,2025-10-22,226.42,241.23,236.12,230.55,233.876666667
AAPL,2025-10-23,221.81,234.76,230.71,226.25,230.226666667
AAPL,2025-10-24,227.62,229.82,228.94,228.02,228.273333333
AAPL,2025-10-27,226.22,227.4,227.16,226.68,226.983333333
AAPL,2025-10-28,224.24,234.65,227.31,231.72,228.806666667
AAPL,2025-10-29,226.92,238.14,229.78,235.21,231.203333333
AAPL,2025-10-30,233.7,239.05,235.06,237.18,234.703333333
AAPL,2025-10-31,238.24,244.25,240.04,243.07,238.486666667
AAPL,2025-11-03,239.34,250.46,242.79,247.38,242.543333333
AAPL,2025-11-04,248.15,250.18,248.69,249.67,246.706666667
AAPL,2025-11-05,247.46,250.85,248.53,249.84,248.963333333
AAPL,2025-11-06,249.55,258.58,252.75,256.03,251.846666667
AAPL,2025-11-07,250.65,256.7,252.88,254.73,253.533333333
AAPL,2025-11-10,254.57,255.14,255.0,254.76,255.173333333
AAPL,2025-11-11,244.51,259.75,255.46,249.98,253.156666667
AAPL,2025-11-12,248.65,250.58,249.37,250.08,251.606666667
AAPL,2025-11-13,249.67,255.08,250.86,253.2,251.086666667
AAPL,2025-11-14,252.44,255.84,254.91,253.32,252.2
AAPL,2025-11-17,245.18,257.63,253.82,250.02,252.18
AAPL,2025-11-18,245.18,256.53,247.87,252.47,251.936666667
AAPL,2025-11-19,248.12,253.93,250.26,252.51,251.666666667
AAPL,2025-11-20,249.26,258.48,253.08,256.6,253.86
AAPL,2025-11-21,252.02,259.21,254.26,257.72,255.61
AAPL,2025-11-24,249.15,257.92,255.63,251.4,255.24
AAPL,2025-11-25,249.56,256.82,254.28,251.88,253.666666667
AAPL,2025-11-26,240.91,261.71,253.92,247.77,250.35
AAPL,2025-11-27,248.01,250.64,248.56,249.62,249.756666667
AAPL,2025-11-28,246.51,259.96,251.37,256.42,251.27
AAPL,2025-12-01,252.99,261.68,254.8,258.32,254.786666667
AAPL,2025-12-02,254.54,261.23,256.42,258.92,257.886666667
AAPL,2025-12-03,251.52,265.37,256.37,260.98,259.406666667
AAPL,2025-12-04,259.01,259.26,259.19,259.09,259.663333333
AAPL,2025-12-05,254.55,262.14,256.74,259.49,259.853333333
AAPL,2025-12-08,251.98,265.25,256.78,262.66,260.413333333
AAPL,2025-12-09,261.18,265.9,264.4,262.26,261.47
AAPL,2025-12-10,258.56,264.96,260.92,263.39,262.77
AAPL,2025-12-11,254.71,264.05,260.71,256.92,260.856666667
AAPL,2025-12-12,253.25,260.72,257.68,255.33,258.546666667
AAPL,2025-12-15,245.68,259.35,255.25,249.58,253.943333333
AAPL,2025-12-16,242.43,258.71,252.22,246.7,250.536666667
AAPL,2025-12-17,241.97,244.63,243.76,242.91,246.396666667
AAPL,2025-12-18,232.84,245.66,241.13,237.2,242.27
AAPL,2025-12-19,230.46,244.71,239.3,233.92,238.01
AMZN,2025-09-01,198.41,204.89,200.73,203.37,203.37
AMZN,2025-09-02,196.92,207.1,203.89,200.01,200.01
AMZN,2025-09-03,198.18,206.67,200.45,204.67,202.683333333
AMZN,2025-09-04,203.5,208.62,205.24,207.26,203.98
AMZN,2025-09-05,204.34,205.78,205.31,204.77,205.566666667
AMZN,2025-09-08,206.89,207.31,207.04,207.22,206.416666667
AMZN,2025-09-09,200.15,209.79,207.17,203.04,205.01
AMZN,2025-09-10,199.08,206.05,204.0,201.78,204.013333333
AMZN,2025-09-11,197.23,208.69,200.76,205.45,203.423333333
AMZN,2025-09-12,206.86,209.88,207.64,208.91,205.38
AMZN,2025-09-15,204.59,209.92,208.54,206.54,206.966666667
AMZN,2025-09-16,206.34,216.63,208.72,212.24,209.23
AMZN,2025-09-17,211.9,216.09,214.87,213.23,210.67
AMZN,2025-09-18,208.91,221.89,212.99,218.06,214.51
AMZN,2025-09-19,211.14,222.87,219.24,215.42,215.57
AMZN,2025-09-22,210.82,222.47,214.18,219.21,217.563333333
AMZN,2025-09-23,219.18,219.59,219.3,219.5,218.043333333
AMZN,2025-09-24,219.75,222.67,220.34,221.51,220.073333333
AMZN,2025-09-25,221.5,228.85,223.12,226.22,222.41
AMZN,2025-09-26,225.93,232.31,227.79,230.35,226.026666667
AMZN,2025-09-29,227.55,229.88,229.33,228.35,228.306666667
AMZN,2025-09-30,222.75,231.83,229.28,225.39,228.03
AMZN,2025-10-01,222.56,230.2,225.14,228.28,227.34
AMZN,2025-10-02,228.27,234.02,230.33,232.32,228.663333333
AMZN,2025-10-03,230.76,234.26,233.51,231.94,230.846666667
AMZN,2025-10-06,228.53,231.8,230.9,229.55,231.27
AMZN,2025-10-07,228.82,234.11,230.6,232.65,231.38
AMZN,2025-10-08,226.33,238.63,231.59,235.95,232.716666667
AMZN,2025-10-09,234.48,234.58,234.51,234.55,234.383333333
AMZN,2025-10-10,231.16,236.09,234.45,232.81,234.436666667
AMZN,2025-10-13,229.94,230.08,230.02,229.97,232.443333333
AMZN,2025-10-14,223.0,232.18,229.52,225.73,229.503333333
AMZN,2025-10-15,221.99,227.55,225.75,224.03,226.576666667
AMZN,2025-10-16,219.65,225.55,221.36,223.32,224.36
AMZN,2025-10-17,222.45,231.11,225.35,228.55,225.3
AMZN,2025-10-20,229.43,229.95,229.57,229.8,227.223333333
AMZN,2025-10-21,222.98,237.91,232.42,227.87,228.74
AMZN,2025-10-22,226.48,230.06,227.58,228.85,228.84
AMZN,2025-10-23,231.07,232.48,231.52,232.01,229.576666667
AMZN,2025-10-24,229.38,230.49,229.65,230.19,230.35
AMZN,2025-10-27,228.25,229.31,228.92,228.63,230.276666667
AMZN,2025-10-28,225.78,228.38,226.74,227.5,228.773333333
AMZN,2025-10-29,223.74,228.19,224.99,226.84,227.656666667
AMZN,2025-10-30,221.77,229.67,224.41,226.85,227.063333333
AMZN,2025-10-31,219.37,230.21,226.58,222.38,225.356666667
AMZN,2025-11-03,222.01,225.83,224.63,223.07,224.1
AMZN,2025-11-04,212.43,224.23,221.88,216.42,220.623333333
AMZN,2025-11-05,216.31,217.43,217.14,216.68,218.723333333
AMZN,2025-11-06,216.58,220.03,217.44,219.04,217.38
AMZN,2025-11-07,211.97,218.7,217.16,213.74,216.486666667
AMZN,2025-11-10,208.41,216.89,211.25,214.47,215.75
AMZN,2025-11-11,209.97,219.45,212.61,216.73,214.98
AMZN,2025-11-12,208.98,218.78,216.63,211.84,214.346666667
AMZN,2025-11-13,209.07,215.15,210.95,213.22,213.93
AMZN,2025-11-14,212.07,214.28,213.5,212.75,212.603333333
AMZN,2025-11-17,206.74,214.01,211.87,208.78,211.583333333
AMZN,2025-11-18,208.51,211.77,209.11,210.55,210.693333333
AMZN,2025-11-19,207.55,215.76,210.47,213.53,210.953333333
AMZN,2025-11-20,212.5,223.06,215.29,219.62,214.566666667
AMZN,2025-11-21,216.62,232.06,221.27,226.63,219.926666667
AMZN,2025-11-24,222.62,230.7,227.6,224.12,223.456666667
AMZN,2025-11-25,222.14,224.15,223.33,222.57,224.44
AMZN,2025-11-26,220.47,221.91,221.57,220.79,222.493333333
AMZN,2025-11-27,217.76,223.25,221.59,219.55,220.97
AMZN,2025-11-28,220.11,220.15,220.13,220.12,220.153333333
AMZN,2025-12-01,213.86,228.29,219.29,224.43,221.366666667
AMZN,2025-12-02,225.55,227.3,226.0,226.67,223.74
AMZN,2025-12-03,228.23,229.83,228.73,229.31,226.803333333
AMZN,2025-12-04,230.15,238.61,232.04,235.7,230.56
AMZN,2025-12-05,235.54,236.1,235.95,235.73,233.58
AMZN,2025-12-08,235.47,238.94,237.64,236.33,235.92
AMZN,2025-12-09,233.35,239.37,238.18,235.25,235.77
AMZN,2025-12-10,226.07,237.55,234.35,228.85,233.476666667
AMZN,2025-12-11,226.26,232.95,230.59,228.57,230.89
AMZN,2025-12-12,229.76,231.96,230.52,231.43,229.616666667
AMZN,2025-12-15,229.13,236.28,231.01,233.52,231.173333333
AMZN,2025-12-16,233.34,233.67,233.44,233.59,232.846666667
AMZN,2025-12-17,224.74,233.15,230.75,227.3,231.47
AMZN,2025-12-18,223.1,227.56,226.4,224.56,228.483333333
AMZN,2025-12-19,221.55,232.69,225.74,230.08,227.313333333
GOOGL,2025-09-01,282.63,290.39,287.28,284.29,284.29
GOOGL,2025-09-02,282.52,289.97,287.43,284.79,284.79
GOOGL,2025-09-03,281.92,284.83,283.78,282.71,283.93
GOOGL,2025-09-04,274.18,286.98,283.78,278.49,281.996666667
GOOGL,2025-09-05,268.76,283.49,279.89,274.29,278.496666667
GOOGL,2025-09-08,273.71,279.85,275.95,278.55,277.11
GOOGL,2025-09-09,273.7,279.72,275.64,277.79,276.876666667
GOOGL,2025-09-10,263.63,280.16,274.74,268.15,274.83
GOOGL,2025-09-11,266.11,269.94,266.98,268.33,271.423333333
GOOGL,2025-09-12,266.65,274.25,271.65,268.56,268.346666667
GOOGL,2025-09-15,255.82,272.27,268.05,261.95,266.28
GOOGL,2025-09-16,248.52,267.27,261.05,255.3,261.936666667
GOOGL,2025-09-17,256.74,257.2,256.84,257.0,258.083333333
GOOGL,2025-09-18,253.98,264.97,256.39,260.93,257.743333333
GOOGL,2025-09-19,255.79,260.54,259.34,257.27,258.4
GOOGL,2025-09-22,255.73,260.62,257.33,259.16,259.12
GOOGL,2025-09-23,254.98,269.44,259.29,264.94,260.456666667
GOOGL,2025-09-24,261.16,266.91,264.92,262.93,262.343333333
GOOGL,2025-09-25,262.04,262.94,262.57,262.23,263.366666667
GOOGL,2025-09-26,259.4,268.6,262.16,266.11,263.756666667
GOOGL,2025-09-29,260.39,272.01,262.89,266.8,265.046666667
GOOGL,2025-09-30,256.61,270.58,267.01,261.43,264.78
GOOGL,2025-10-01,252.01,264.07,260.82,255.01,261.08
GOOGL,2025-10-02,248.63,255.12,253.16,250.99,255.81
GOOGL,2025-10-03,248.71,254.88,250.19,253.0,253.0
GOOGL,2025-10-06,248.32,260.65,252.42,256.41,253.466666667
GOOGL,2025-10-07,251.1,265.54,256.06,261.14,256.85
GOOGL,2025-10-08,256.06,264.1,261.39,258.31,258.62
GOOGL,2025-10-09,252.18,265.15,255.29,261.16,260.203333333
GOOGL,2025-10-10,260.84,263.58,262.86,261.7,260.39
GOOGL,2025-10-13,253.08,270.04,264.69,259.23,260.696666667
GOOGL,2025-10-14,253.91,258.32,256.81,255.26,258.73
GOOGL,2025-10-15,250.75,257.65,252.8,255.33,256.606666667
GOOGL,2025-10-16,256.96,258.95,258.28,257.55,256.046666667
GOOGL,2025-10-17,244.26,262.89,256.44,250.63,254.503333333
GOOGL,2025-10-20,247.18,255.71,252.62,250.21,252.796666667
GOOGL,2025-10-21,245.95,253.25,248.21,251.15,250.663333333
GOOGL,2025-10-22,243.36,254.89,251.52,247.35,249.57
GOOGL,2025-10-23,247.96,248.61,248.46,248.2,248.9
GOOGL,2025-10-24,249.61,249.78,249.67,249.74,248.43
GOOGL,2025-10-27,251.73,254.96,252.8,254.08,250.673333333
GOOGL,2025-10-28,250.59,254.53,253.34,251.72,251.846666667
GOOGL,2025-10-29,249.13,251.55,251.0,249.82,251.873333333
GOOGL,2025-10-30,248.2,250.7,248.84,249.98,250.506666667
GOOGL,2025-10-31,246.42,247.38,247.14,246.67,248.823333333
GOOGL,2025-11-03,239.07,249.62,246.06,241.44,246.03
GOOGL,2025-11-04,239.5,245.85,241.01,243.67,243.926666667
GOOGL,2025-11-05,244.11,246.37,244.9,245.65,243.586666667
GOOGL,2025-11-06,238.14,247.12,243.7,240.35,243.223333333
GOOGL,2025-11-07,238.91,246.35,240.83,244.11,243.37
GOOGL,2025-11-10,236.75,249.95,246.8,240.65,241.703333333
GOOGL,2025-11-11,236.92,246.54,239.26,244.25,243.003333333
GOOGL,2025-11-12,239.86,246.1,244.75,242.05,242.316666667
GOOGL,2025-11-13,235.01,244.96,241.77,238.35,241.55
GOOGL,2025-11-14,229.34,240.5,236.94,233.26,237.886666667
GOOGL,2025-11-17,226.58,240.68,231.43,236.12,235.91
GOOGL,2025-11-18,232.4,239.84,238.24,235.02,234.8
GOOGL,2025-11-19,233.91,242.12,236.53,239.58,236.906666667
GOOGL,2025-11-20,233.43,244.04,240.41,236.22,236.94
GOOGL,2025-11-21,232.64,246.38,237.38,242.45,239.416666667
GOOGL,2025-11-24,236.44,246.4,243.15,239.16,239.276666667
GOOGL,2025-11-25,230.93,244.46,241.41,236.51,239.373333333
GOOGL,2025-11-26,229.16,235.58,233.88,231.23,235.633333333
GOOGL,2025-11-27,223.94,232.67,230.15,226.66,231.466666667
GOOGL,2025-11-28,222.86,227.01,224.63,226.17,228.02
GOOGL,2025-12-01,216.05,229.6,225.67,220.05,224.293333333
GOOGL,2025-12-02,218.42,219.98,219.54,219.0,221.74
GOOGL,2025-12-03,217.73,232.93,221.64,226.62,221.89
GOOGL,2025-12-04,224.34,224.73,224.44,224.59,223.403333333
GOOGL,2025-12-05,216.9,224.8,222.77,219.27,223.493333333
GOOGL,2025-12-08,217.6,228.4,220.51,224.44,222.766666667
GOOGL,2025-12-09,218.95,223.05,221.94,220.41,221.373333333
GOOGL,2025-12-10,217.78,221.89,220.63,218.86,221.236666667
GOOGL,2025-12-11,218.02,220.01,218.57,219.31,219.526666667
GOOGL,2025-12-12,216.91,218.55,218.15,217.36,218.51
GOOGL,2025-12-15,218.18,222.33,219.14,221.06,219.243333333
GOOGL,2025-12-16,220.49,225.71,222.01,224.39,220.936666667
GOOGL,2025-12-17,224.68,225.94,225.66,225.12,223.523333333
GOOGL,2025-12-18,222.72,225.68,223.85,225.06,224.856666667
GOOGL,2025-12-19,226.34,227.0,226.77,226.55,225.576666667
MSFT,2025-09-01,414.68,426.37,422.87,418.32,418.32
MSFT,2025-09-02,415.27,419.14,416.2,417.89,417.89
MSFT,2025-09-03,416.46,424.97,422.43,418.61,418.273333333
MSFT,2025-09-04,413.28,435.97,421.29,431.32,422.606666667
MSFT,2025-09-05,428.44,438.95,432.11,435.25,428.393333333
MSFT,2025-09-08,436.46,439.23,438.44,437.36,434.643333333
MSFT,2025-09-09,433.85,437.86,436.84,435.38,435.996666667
MSFT,2025-09-10,416.32,445.02,435.64,425.86,432.866666667
MSFT,2025-09-11,420.62,432.49,429.1,424.09,428.443333333
MSFT,2025-09-12,415.12,438.21,422.09,432.53,427.493333333
MSFT,2025-09-15,429.81,434.22,433.19,431.11,429.243333333
MSFT,2025-09-16,431.16,447.66,434.46,442.13,435.256666667
MSFT,2025-09-17,445.63,450.14,447.07,448.72,440.653333333
MSFT,2025-09-18,448.02,453.1,449.73,451.54,447.463333333
MSFT,2025-09-19,449.66,453.83,450.93,452.57,450.943333333
MSFT,2025-09-22,447.9,462.67,450.8,457.37,453.826666667
MSFT,2025-09-23,441.76,464.78,455.69,448.12,452.686666667
MSFT,2025-09-24,439.52,449.22,445.43,442.1,449.196666667
MSFT,2025-09-25,443.08,443.99,443.39,443.74,444.653333333
MSFT,2025-09-26,426.6,451.56,443.46,433.63,439.823333333
MSFT,2025-09-29,417.11,441.77,433.61,423.09,433.486666667
MSFT,2025-09-30,412.43,431.36,425.2,417.5,424.74
MSFT,2025-10-01,415.21,420.76,418.67,416.32,418.97
MSFT,2025-10-02,413.68,430.31,417.9,425.01,419.61
MSFT,2025-10-03,418.85,430.41,423.81,428.1,423.143333333
MSFT,2025-10-06,424.45,431.2,429.07,426.72,426.61
MSFT,2025-10-07,418.19,431.43,422.63,427.56,427.46
MSFT,2025-10-08,425.34,425.73,425.59,425.44,426.573333333
MSFT,2025-10-09,422.27,434.4,426.75,430.69,427.896666667
MSFT,2025-10-10,427.52,435.72,430.16,433.83,429.986666667
MSFT,2025-10-13,417.25,440.65,433.1,425.57,430.03
MSFT,2025-10-14,421.93,444.29,429.45,438.37,432.59
MSFT,2025-10-15,424.31,448.6,442.86,433.77,432.57
MSFT,2025-10-16,433.16,434.67,434.18,433.54,435.226666667
MSFT,2025-10-17,432.32,455.84,436.42,447.31,438.206666667
MSFT,2025-10-20,445.44,448.65,446.32,447.85,442.9
MSFT,2025-10-21,444.95,450.7,448.68,446.73,447.296666667
MSFT,2025-10-22,432.33,447.4,442.01,436.77,443.783333333
MSFT,2025-10-23,429.36,439.85,432.75,437.13,440.21
MSFT,2025-10-24,432.19,435.72,434.56,433.25,435.716666667
MSFT,2025-10-27,431.54,441.87,434.78,439.1,436.493333333
MSFT,2025-10-28,432.15,446.68,436.96,441.51,437.953333333
MSFT,2025-10-29,439.0,439.03,439.01,439.02,439.876666667
MSFT,2025-10-30,434.94,441.91,437.32,439.99,440.173333333
MSFT,2025-10-31,436.08,442.15,440.39,437.44,438.816666667
MSFT,2025-11-03,440.45,442.84,441.0,442.16,439.863333333
MSFT,2025-11-04,441.85,444.79,444.04,442.96,440.853333333
MSFT,2025-11-05,427.25,445.86,439.9,432.12,439.08
MSFT,2025-11-06,419.44,440.4,433.67,426.46,433.846666667
MSFT,2025-11-07,417.22,431.01,422.12,427.34,428.64
MSFT,2025-11-10,419.11,424.96,422.67,420.65,424.816666667
MSFT,2025-11-11,423.74,425.7,425.28,424.4,424.13
MSFT,2025-11-12,417.06,424.76,419.24,421.61,422.22
MSFT,2025-11-13,420.35,421.18,420.99,420.6,422.203333333
MSFT,2025-11-14,423.46,428.8,425.15,427.2,423.136666667
MSFT,2025-11-17,420.31,440.78,432.47,424.91,424.236666667
MSFT,2025-11-18,415.89,427.44,424.51,418.97,423.693333333
MSFT,2025-11-19,417.94,429.91,421.27,426.09,423.323333333
MSFT,2025-11-20,416.23,433.91,422.73,428.43,424.496666667
MSFT,2025-11-21,418.56,424.94,423.39,420.2,424.906666667
MSFT,2025-11-24,410.36,425.78,421.04,414.04,420.89
MSFT,2025-11-25,402.17,412.91,410.79,406.04,413.426666667
MSFT,2025-11-26,400.29,414.41,405.68,411.83,410.636666667
MSFT,2025-11-27,410.8,423.85,414.37,420.48,412.783333333
MSFT,2025-11-28,411.32,420.64,417.22,413.59,415.3
MSFT,2025-12-01,408.56,412.53,411.12,409.57,414.546666667
MSFT,2025-12-02,403.77,410.1,405.71,408.61,410.59
MSFT,2025-12-03,401.16,419.2,405.22,414.07,410.75
MSFT,2025-12-04,411.43,412.14,411.61,411.91,411.53
MSFT,2025-12-05,397.31,415.33,410.14,402.66,409.546666667
MSFT,2025-12-08,404.44,416.37,406.82,411.58,408.716666667
MSFT,2025-12-09,406.88,409.05,408.44,407.71,407.316666667
MSFT,2025-12-10,404.95,417.03,412.52,408.11,409.133333333
MSFT,2025-12-11,398.78,406.78,403.88,400.2,405.34
MSFT,2025-12-12,396.77,417.02,401.16,409.0,405.77
MSFT,2025-12-15,398.34,407.05,404.52,400.81,403.336666667
MSFT,2025-12-16,394.57,413.51,400.76,408.12,405.976666667
MSFT,2025-12-17,396.29,408.33,404.19,399.12,402.683333333
MSFT,2025-12-18,400.84,403.4,401.75,402.49,403.243333333
MSFT,2025-12-19,398.49,410.55,406.38,402.24,401.283333333
TSLA,2025-09-01,378.22,395.4,384.73,390.88,390.88
TSLA,2025-09-02,380.31,397.72,393.02,385.85,385.85
TSLA,2025-09-03,369.83,391.11,386.16,377.73,384.82
TSLA,2025-09-04,371.87,386.08,381.55,375.76,379.78
TSLA,2025-09-05,363.16,378.63,375.36,368.85,374.113333333
TSLA,2025-09-08,351.71,373.83,366.15,359.04,367.883333333
TSLA,2025-09-09,343.33,361.83,357.39,349.38,359.09
TSLA,2025-09-10,340.32,354.57,345.54,351.79,353.403333333
TSLA,2025-09-11,340.65,352.02,348.92,343.43,348.2
TSLA,2025-09-12,337.54,347.59,344.14,340.41,345.21
TSLA,2025-09-15,337.9,350.44,341.52,347.95,343.93
TSLA,2025-09-16,342.43,354.04,345.34,350.07,346.143333333
TSLA,2025-09-17,351.46,352.32,352.03,351.78,349.933333333
TSLA,2025-09-18,349.84,359.59,353.35,357.25,353.033333333
TSLA,2025-09-19,335.97,359.54,353.21,344.77,351.266666667
TSLA,2025-09-22,337.82,348.26,341.46,345.52,349.18
TSLA,2025-09-23,345.79,350.53,348.61,346.95,345.746666667
TSLA,2025-09-24,338.29,348.94,345.67,341.28,344.583333333
TSLA,2025-09-25,340.97,341.68,341.45,341.15,343.126666667
TSLA,2025-09-26,335.89,355.25,342.14,349.11,343.846666667
TSLA,2025-09-29,338.33,363.56,346.48,353.89,348.05
TSLA,2025-09-30,342.54,355.46,352.69,346.48,349.826666667
TSLA,2025-10-01,337.29,349.92,345.64,341.64,347.336666667
TSLA,2025-10-02,336.68,354.64,341.32,349.84,345.986666667
TSLA,2025-10-03,343.79,360.96,349.71,356.26,349.246666667
TSLA,2025-10-06,347.59,371.85,356.47,364.87,356.99
TSLA,2025-10-07,359.76,374.03,362.67,368.7,363.276666667
TSLA,2025-10-08,361.97,368.51,364.47,367.14,366.903333333
TSLA,2025-10-09,358.45,378.33,365.02,373.11,369.65
TSLA,2025-10-10,352.57,373.91,369.8,361.33,367.193333333
TSLA,2025-10-13,353.74,369.58,359.32,365.73,366.723333333
TSLA,2025-10-14,366.1,366.45,366.36,366.21,364.423333333
TSLA,2025-10-15,351.35,367.56,363.04,356.28,362.74
TSLA,2025-10-16,341.75,358.45,353.32,347.62,356.703333333
TSLA,2025-10-17,347.31,362.86,351.71,359.42,354.44
TSLA,2025-10-20,359.54,360.99,360.62,360.03,355.69
TSLA,2025-10-21,361.3,371.5,363.4,366.86,362.103333333
TSLA,2025-10-22,365.0,367.47,366.84,365.63,364.173333333
TSLA,2025-10-23,361.5,372.74,364.54,368.71,367.066666667
TSLA,2025-10-24,354.75,371.69,365.71,359.96,364.766666667
TSLA,2025-10-27,357.43,359.24,357.92,358.51,362.393333333
TSLA,2025-10-28,350.98,360.06,357.61,353.2,357.223333333
TSLA,2025-10-29,346.07,358.28,354.34,349.62,353.776666667
TSLA,2025-10-30,344.9,354.57,351.8,348.45,350.423333333
TSLA,2025-10-31,347.95,365.86,351.19,359.36,352.476666667
TSLA,2025-11-03,354.24,365.3,362.46,356.87,354.893333333
TSLA,2025-11-04,352.15,365.08,355.97,362.07,359.433333333
TSLA,2025-11-05,357.78,377.25,362.81,371.79,363.576666667
TSLA,2025-11-06,360.94,376.68,372.47,365.84,366.566666667
TSLA,2025-11-07,358.76,373.06,368.56,362.9,366.843333333
TSLA,2025-11-10,361.87,367.09,363.82,366.19,364.976666667
TSLA,2025-11-11,351.63,373.66,366.57,358.53,362.54
TSLA,2025-11-12,345.37,370.35,354.38,362.9,362.54
TSLA,2025-11-13,353.81,364.86,362.07,357.51,359.646666667
TSLA,2025-11-14,346.1,360.05,355.09,348.93,356.446666667
TSLA,2025-11-17,350.13,350.95,350.67,350.41,352.283333333
TSLA,2025-11-18,348.14,349.32,348.36,348.91,349.416666667
TSLA,2025-11-19,333.19,353.04,345.21,336.93,345.416666667
TSLA,2025-11-20,332.54,343.62,340.09,334.85,340.23
TSLA,2025-11-21,317.13,334.0,331.0,323.29,331.69
TSLA,2025-11-24,308.53,326.42,322.06,315.2,324.446666667
TSLA,2025-11-25,313.41,322.21,319.02,316.16,318.216666667
TSLA,2025-11-26,308.3,323.34,318.7,313.36,314.906666667
TSLA,2025-11-27,308.39,317.99,310.85,314.72,314.746666667
TSLA,2025-11-28,306.79,326.12,313.41,319.4,315.826666667
TSLA,2025-12-01,320.05,321.41,320.47,320.98,318.366666667
TSLA,2025-12-02,314.93,325.89,322.32,317.69,319.356666667
TSLA,2025-12-03,314.2,324.06,317.47,321.16,319.943333333
TSLA,2025-12-04,318.47,339.34,325.09,331.9,323.583333333
TSLA,2025-12-05,328.86,341.75,333.32,337.53,330.196666667
TSLA,2025-12-08,336.27,337.85,337.23,336.63,335.353333333
TSLA,2025-12-09,332.45,339.04,334.53,337.54,337.233333333
TSLA,2025-12-10,336.4,339.61,338.87,337.62,337.263333333
TSLA,2025-12-11,334.15,335.48,334.49,335.11,336.756666667
TSLA,2025-12-12,329.88,332.49,331.49,330.72,334.483333333
TSLA,2025-12-15,325.8,332.65,331.18,328.45,331.426666667
TSLA,2025-12-16,321.38,335.77,325.88,332.01,330.393333333
TSLA,2025-12-17,324.6,342.25,328.35,335.92,332.126666667
TSLA,2025-12-18,329.42,334.51,333.38,331.38,333.103333333
TSLA,2025-12-19,332.68,333.67,333.43,332.92,333.406666667
NVDA,2025-09-01,461.71,480.41,476.65,468.77,468.77
NVDA,2025-09-02,460.1,473.63,469.4,464.93,464.93
NVDA,2025-09-03,465.64,471.87,467.03,469.19,467.63
NVDA,2025-09-04,465.63,484.95,471.88,480.57,471.563333333
NVDA,2025-09-05,480.88,499.2,485.58,494.63,481.463333333
NVDA,2025-09-08,489.37,504.54,492.5,498.07,491.09
NVDA,2025-09-09,494.3,502.62,496.48,499.32,497.34
NVDA,2025-09-10,492.35,510.1,504.73,498.08,498.49
NVDA,2025-09-11,495.69,506.09,503.28,499.18,498.86
NVDA,2025-09-12,490.36,515.57,505.27,496.55,497.936666667
NVDA,2025-09-15,475.92,495.94,490.91,482.61,492.78
NVDA,2025-09-16,465.1,492.02,485.35,474.52,484.56
NVDA,2025-09-17,470.98,475.1,471.86,473.81,476.98
NVDA,2025-09-18,465.59,492.17,471.56,480.3,476.21
NVDA,2025-09-19,473.0,482.54,475.31,478.99,477.7
NVDA,2025-09-22,471.38,479.35,477.18,474.63,477.973333333
NVDA,2025-09-23,464.73,485.46,479.06,470.98,474.866666667
NVDA,2025-09-24,468.28,483.12,472.94,478.17,474.593333333
NVDA,2025-09-25,466.77,489.09,482.19,475.2,474.783333333
NVDA,2025-09-26,461.93,488.04,480.9,469.48,474.283333333
NVDA,2025-09-29,467.31,480.85,471.56,478.13,474.27
NVDA,2025-09-30,463.52,482.42,477.48,470.1,472.57
NVDA,2025-10-01,458.88,483.93,467.13,475.45,474.56
NVDA,2025-10-02,476.62,483.87,479.04,482.08,475.876666667
NVDA,2025-10-03,478.62,485.21,482.82,480.81,479.446666667
NVDA,2025-10-06,475.07,496.58,483.28,490.15,484.346666667
NVDA,2025-10-07,483.44,505.64,489.04,498.17,489.71
NVDA,2025-10-08,489.97,495.74,494.11,491.27,493.196666667
NVDA,2025-10-09,489.32,493.66,492.29,490.39,493.276666667
NVDA,2025-10-10,472.46,497.89,489.48,479.64,487.1
NVDA,2025-10-13,468.16,475.75,473.81,470.64,480.223333333
NVDA,2025-10-14,452.24,476.11,467.18,458.29,469.523333333
NVDA,2025-10-15,444.84,459.44,455.08,449.53,459.486666667
NVDA,2025-10-16,443.15,452.91,449.34,446.42,451.413333333
NVDA,2025-10-17,423.65,450.2,442.19,432.0,442.65
NVDA,2025-10-20,416.64,446.39,437.28,427.17,435.196666667
NVDA,2025-10-21,429.29,431.44,430.12,430.91,430.026666667
NVDA,2025-10-22,427.53,429.45,428.67,427.98,428.686666667
NVDA,2025-10-23,420.77,438.74,432.27,425.42,428.103333333
NVDA,2025-10-24,421.31,431.94,425.09,428.61,427.336666667
NVDA,2025-10-27,426.7,450.02,431.86,441.43,431.82
NVDA,2025-10-28,433.73,441.89,439.69,435.91,435.316666667
NVDA,2025-10-29,437.64,444.02,441.12,438.94,438.76
NVDA,2025-10-30,435.71,439.94,436.8,438.37,437.74
NVDA,2025-10-31,432.92,433.29,433.16,433.03,436.78
NVDA,2025-11-03,422.12,431.22,428.13,424.86,432.086666667
NVDA,2025-11-04,412.4,426.12,422.17,416.16,424.683333333
NVDA,2025-11-05,415.18,420.92,419.2,416.83,419.283333333
NVDA,2025-11-06,411.33,415.84,414.48,412.71,415.233333333
NVDA,2025-11-07,409.56,423.92,413.31,419.74,416.426666667
NVDA,2025-11-10,417.61,425.44,422.56,419.48,417.31
NVDA,2025-11-11,412.87,418.45,414.59,416.3,418.506666667
NVDA,2025-11-12,402.17,418.14,414.09,406.17,413.983333333
NVDA,2025-11-13,399.87,408.51,405.33,401.95,408.14
NVDA,2025-11-14,391.16,424.61,402.23,412.12,406.746666667
NVDA,2025-11-17,402.42,417.03,413.68,408.57,407.546666667
NVDA,2025-11-18,410.17,411.93,410.68,411.32,410.67
NVDA,2025-11-19,399.17,409.41,407.1,402.26,407.383333333
NVDA,2025-11-20,400.7,409.85,402.94,407.59,407.056666667
NVDA,2025-11-21,405.62,415.52,408.51,411.9,407.25
NVDA,2025-11-24,411.09,418.15,416.1,413.27,410.92
NVDA,2025-11-25,401.81,431.44,411.5,421.47,415.546666667
NVDA,2025-11-26,418.78,430.48,425.7,421.96,418.9
NVDA,2025-11-27,417.91,424.69,421.93,419.77,421.066666667
NVDA,2025-11-28,412.95,423.21,416.12,419.47,420.4
NVDA,2025-12-01,407.71,430.69,424.22,414.12,417.786666667
NVDA,2025-12-02,405.12,419.73,414.91,408.94,414.176666667
NVDA,2025-12-03,407.66,422.5,412.02,417.99,413.683333333
NVDA,2025-12-04,418.15,432.14,421.88,427.41,418.113333333
NVDA,2025-12-05,426.64,441.79,430.98,437.61,427.67
NVDA,2025-12-08,431.81,454.26,440.12,448.93,437.983333333
NVDA,2025-12-09,445.75,450.97,449.19,446.93,444.49
NVDA,2025-12-10,426.11,450.74,443.26,432.59,442.816666667
NVDA,2025-12-11,423.39,450.81,430.33,439.84,439.786666667
NVDA,2025-12-12,436.52,458.38,442.51,451.27,441.233333333
NVDA,2025-12-15,446.84,461.53,456.24,451.44,447.516666667
NVDA,2025-12-16,446.86,456.48,449.21,453.31,452.006666667
NVDA,2025-12-17,447.24,464.82,450.53,458.25,454.333333333
NVDA,2025-12-18,452.29,454.01,452.78,453.58,455.046666667
NVDA,2025-12-19,453.81,456.41,455.64,454.72,455.516666667
META,2025-09-01,337.91,349.4,345.98,341.4,341.4
META,2025-09-02,341.65,355.01,344.68,351.07,351.07
META,2025-09-03,341.28,353.62,349.39,344.08,345.516666667
META,2025-09-04,336.96,349.18,340.34,345.11,346.753333333
META,2025-09-05,336.65,349.82,342.15,346.8,345.33
META,2025-09-08,341.04,355.2,345.51,351.55,347.82
META,2025-09-09,347.58,352.88,349.31,351.66,350.003333333
META,2025-09-10,347.1,353.95,349.93,352.52,351.91
META,2025-09-11,342.11,367.23,350.72,358.3,354.16
META,2025-09-12,349.1,368.32,362.7,354.62,355.146666667
META,2025-09-15,345.2,354.13,350.74,347.52,353.48
META,2025-09-16,349.91,352.24,351.4,350.37,350.836666667
META,2025-09-17,344.75,351.7,350.02,346.82,348.236666667
META,2025-09-18,344.44,346.93,345.15,346.02,347.736666667
META,2025-09-19,337.55,344.75,342.24,339.96,344.266666667
META,2025-09-22,334.48,336.72,336.23,335.12,340.366666667
META,2025-09-23,324.94,333.82,331.79,327.81,334.296666667
META,2025-09-24,321.63,330.52,327.92,323.77,328.9
META,2025-09-25,319.12,322.68,320.06,321.64,324.406666667
META,2025-09-26,304.76,325.29,317.96,311.27,318.893333333
META,2025-09-29,309.23,315.28,312.84,310.73,314.546666667
META,2025-09-30,308.16,313.78,309.66,312.11,311.37
META,2025-10-01,313.76,313.87,313.79,313.84,312.226666667
META,2025-10-02,303.87,319.39,314.5,309.48,311.81
META,2025-10-03,296.99,311.14,307.94,300.98,308.1
META,2025-10-06,297.86,300.39,298.72,299.65,303.37
META,2025-10-07,288.55,306.73,300.38,294.78,298.47
META,2025-10-08,284.36,305.18,297.53,290.33,294.92
META,2025-10-09,283.68,300.22,289.21,296.26,293.79
META,2025-10-10,287.1,298.58,295.39,290.56,292.383333333
META,2025-10-13,288.26,290.39,289.56,288.83,291.883333333
META,2025-10-14,289.24,297.69,291.07,294.84,291.41
META,2025-10-15,287.68,299.14,296.66,290.74,291.47
META,2025-10-16,287.82,289.81,288.56,289.3,291.626666667
META,2025-10-17,280.43,292.21,288.91,284.23,288.09
META,2025-10-20,275.44,292.35,286.76,280.12,284.55
META,2025-10-21,277.39,284.02,279.82,282.32,282.223333333
META,2025-10-22,282.82,285.11,283.54,284.48,282.306666667
META,2025-10-23,286.62,290.7,287.66,289.63,285.476666667
META,2025-10-24,281.2,292.21,288.86,284.49,286.2
META,2025-10-27,278.21,302.7,286.93,294.03,289.383333333
META,2025-10-28,296.94,297.0,296.98,296.97,291.83
META,2025-10-29,298.27,299.4,299.08,298.69,296.563333333
META,2025-10-30,295.88,310.64,301.32,305.33,300.33
META,2025-10-31,302.24,310.61,307.42,304.86,302.96
META,2025-11-03,298.99,308.0,301.56,304.68,304.956666667
META,2025-11-04,306.75,311.12,308.27,310.09,306.543333333
META,2025-11-05,310.0,313.7,311.36,312.87,309.213333333
META,2025-11-06,309.93,320.39,313.08,317.89,313.616666667
META,2025-11-07,314.32,322.42,320.43,317.2,315.986666667
META,2025-11-10,312.18,314.83,313.99,312.86,315.983333333
META,2025-11-11,309.7,316.66,311.39,314.62,314.893333333
META,2025-11-12,307.81,318.73,311.52,316.24,314.573333333
META,2025-11-13,303.74,322.71,315.21,308.57,313.143333333
META,2025-11-14,303.26,316.76,307.79,312.68,312.496666667
META,2025-11-17,315.67,318.72,316.43,317.47,312.906666667
META,2025-11-18,317.9,323.34,319.61,321.92,317.356666667
META,2025-11-19,306.39,324.13,319.5,311.68,317.023333333
META,2025-11-20,296.7,315.2,309.9,302.22,311.94
META,2025-11-21,301.0,304.05,303.04,301.71,305.203333333
META,2025-11-24,303.71,304.81,304.09,304.53,302.82
META,2025-11-25,300.28,315.07,305.23,311.29,305.843333333
META,2025-11-26,310.1,318.29,312.34,315.35,310.39
META,2025-11-27,310.7,316.88,312.98,315.29,313.976666667
META,2025-11-28,304.41,322.24,316.65,309.31,313.316666667
META,2025-12-01,310.93,317.46,312.65,315.14,313.246666667
META,2025-12-02,312.78,331.91,317.36,324.36,316.27
META,2025-12-03,312.88,326.38,321.45,315.76,318.42
META,2025-12-04,313.11,330.7,317.98,324.94,321.686666667
META,2025-12-05,317.49,332.75,322.43,328.19,322.963333333
META,2025-12-08,319.94,327.62,324.58,321.71,324.946666667
META,2025-12-09,311.37,321.5,318.98,314.46,321.453333333
META,2025-12-10,304.21,320.42,316.43,309.62,315.263333333
META,2025-12-11,301.06,316.13,311.36,306.28,310.12
META,2025-12-12,294.09,308.96,304.41,296.88,304.26
META,2025-12-15,296.19,299.48,297.37,298.51,300.556666667
META,2025-12-16,293.18,306.04,300.89,296.02,297.136666667
META,2025-12-17,283.61,300.56,293.68,288.01,294.18
META,2025-12-18,284.53,295.04,286.96,291.35,291.793333333
META,2025-12-19,281.75,297.79,288.27,293.95,291.103333333
NFLX,2025-09-01,448.11,452.82,449.76,451.57,451.57
NFLX,2025-09-02,444.64,458.35,448.19,454.9,454.9
NFLX,2025-09-03,441.24,462.04,454.38,446.18,450.883333333
NFLX,2025-09-04,444.87,462.34,448.82,455.54,452.206666667
NFLX,2025-09-05,447.92,458.92,455.49,451.26,450.993333333
NFLX,2025-09-08,441.14,452.35,449.1,444.34,450.38
NFLX,2025-09-09,442.28,468.12,449.33,459.72,451.773333333
NFLX,2025-09-10,447.54,469.44,463.62,452.48,452.18
NFLX,2025-09-11,446.95,448.34,448.06,447.33,453.176666667
NFLX,2025-09-12,443.11,456.48,452.28,447.45,449.086666667
NFLX,2025-09-15,443.06,444.74,443.55,444.25,446.343333333
NFLX,2025-09-16,446.25,448.63,448.02,446.94,446.213333333
NFLX,2025-09-17,439.95,448.56,445.5,442.16,444.45
NFLX,2025-09-18,426.64,445.62,438.81,431.27,440.123333333
NFLX,2025-09-19,428.07,450.14,436.15,442.13,438.52
NFLX,2025-09-22,437.43,442.51,439.05,441.37,438.256666667
NFLX,2025-09-23,434.22,442.43,437.14,439.68,441.06
NFLX,2025-09-24,436.57,441.49,439.69,437.65,439.566666667
NFLX,2025-09-25,435.39,437.04,436.56,435.96,437.763333333
NFLX,2025-09-26,433.13,460.61,441.23,452.13,441.913333333
NFLX,2025-09-29,451.23,452.96,451.87,452.45,446.846666667
NFLX,2025-09-30,440.45,453.48,449.14,444.77,449.783333333
NFLX,2025-10-01,444.31,462.83,449.63,457.71,451.643333333
NFLX,2025-10-02,451.41,465.96,456.26,462.8,455.093333333
NFLX,2025-10-03,453.89,485.77,465.67,475.87,465.46
NFLX,2025-10-06,458.41,477.98,470.37,463.08,467.25
NFLX,2025-10-07,459.0,486.68,468.83,478.8,472.583333333
NFLX,2025-10-08,466.75,488.27,480.65,472.63,471.503333333
NFLX,2025-10-09,473.78,479.22,475.52,477.53,476.32
NFLX,2025-10-10,466.48,481.02,472.26,476.95,475.703333333
NFLX,2025-10-13,478.96,486.34,480.76,484.53,479.67
NFLX,2025-10-14,474.0,499.55,489.72,479.17,480.216666667
NFLX,2025-10-15,470.27,497.88,478.19,488.81,484.17
NFLX,2025-10-16,482.49,490.07,488.42,485.08,484.353333333
NFLX,2025-10-17,470.42,489.86,484.11,476.65,483.513333333
NFLX,2025-10-20,477.35,481.62,479.98,478.51,480.08
NFLX,2025-10-21,466.52,480.29,475.08,470.27,475.143333333
NFLX,2025-10-22,446.16,473.05,466.71,455.57,468.116666667
NFLX,2025-10-23,438.03,462.39,456.54,446.83,457.556666667
NFLX,2025-10-24,424.62,451.28,444.57,433.8,445.4
NFLX,2025-10-27,434.78,439.95,435.84,437.9,439.51
NFLX,2025-10-28,435.83,448.96,440.96,445.73,439.143333333
NFLX,2025-10-29,436.65,442.83,440.94,438.72,440.783333333
NFLX,2025-10-30,429.1,442.85,434.33,438.99,441.146666667
NFLX,2025-10-31,431.7,450.61,444.08,438.12,438.61
NFLX,2025-11-03,427.74,445.85,433.6,439.61,438.906666667
NFLX,2025-11-04,428.5,445.43,440.75,433.82,437.183333333
NFLX,2025-11-05,425.33,444.32,438.76,431.12,434.85
NFLX,2025-11-06,422.56,447.76,432.06,440.36,435.1
NFLX,2025-11-07,437.79,458.58,443.02,452.07,441.183333333
NFLX,2025-11-10,447.45,469.06,454.15,460.86,451.096666667
NFLX,2025-11-11,454.32,458.01,455.38,456.79,456.573333333
NFLX,2025-11-12,442.51,468.59,451.92,459.01,458.886666667
NFLX,2025-11-13,448.27,474.04,459.5,468.37,461.39
NFLX,2025-11-14,464.29,477.21,473.26,469.05,465.476666667
NFLX,2025-11-17,457.8,480.85,473.68,464.47,467.296666667
NFLX,2025-11-18,459.35,464.58,460.6,463.2,465.573333333
NFLX,2025-11-19,449.82,467.64,462.93,454.93,460.866666667
NFLX,2025-11-20,448.5,454.93,450.52,452.71,456.946666667
NFLX,2025-11-21,447.74,460.48,451.53,456.67,454.77
NFLX,2025-11-24,451.53,466.62,457.23,463.8,457.726666667
NFLX,2025-11-25,455.78,469.47,466.59,461.0,460.49
NFLX,2025-11-26,455.58,461.5,459.25,457.09,460.63
NFLX,2025-11-27,439.15,471.49,461.63,450.25,456.113333333
NFLX,2025-11-28,431.56,449.43,444.96,435.64,447.66
NFLX,2025-12-01,433.37,455.78,441.04,448.96,444.95
NFLX,2025-12-02,433.39,449.25,444.11,437.39,440.663333333
NFLX,2025-12-03,425.57,438.99,434.86,430.02,438.79
NFLX,2025-12-04,415.17,436.69,428.82,422.35,429.92
NFLX,2025-12-05,417.97,421.71,420.7,419.01,423.793333333
NFLX,2025-12-08,413.98,414.5,414.11,414.37,418.576666667
NFLX,2025-12-09,411.53,427.82,418.33,424.28,419.22
NFLX,2025-12-10,409.15,425.71,420.95,414.72,417.79
NFLX,2025-12-11,406.69,423.85,412.66,418.51,419.17
NFLX,2025-12-12,408.53,429.06,421.43,414.75,415.993333333
NFLX,2025-12-15,397.08,417.24,410.97,402.83,412.03
NFLX,2025-12-16,395.77,414.44,400.45,407.78,408.453333333
NFLX,2025-12-17,403.0,413.47,410.42,405.14,405.25
NFLX,2025-12-18,402.02,406.18,405.09,403.17,405.363333333
NFLX,2025-12-19,393.68,409.91,404.98,397.23,401.846666667
